id	page	source	title	original_title	url	normalized_url	domain	category	tags	score	tier	is_free	status	http_status	final_url	notes
50b877bbe63c	1	annotation	Yandex关闭过滤模式的教程	yandex关闭过滤模式的教程	https://b23.tv/z1A3FuB	https://b23.tv/z1A3FuB	b23.tv	搜索源	搜索,教程	88	free	True	ok	200	https://www.bilibili.com/video/BV16M4m1o7Lq/?buvid=XO597045F9AE963B09E10C4890E795B53A20C&from_spmid=search.search-result.0.0&is_story_h5=false&mid=uOlT9VoMvsdgWCk0sJMoX38FTQ%2FSZMtL1rElX6M3iMo%3D&p=1&plat_id=116&share_from=ugc&share_medium=android&share_plat=android&share_session_id=73b2a69b-0061-4d97-a041-50a12cac08eb&share_source=COPY&share_tag=s_i&spmid=united.player-video-detail.0.0&timestamp=1768633114&unique_k=z1A3FuB&up_id=386363417	redirect
d518a27954ec	2	annotation	grep app-代码搜索引擎 搜索五十万个 git repos	grep app-代码搜索引擎 搜索五十万个 git repos	https://grep.app/	https://grep.app/	grep.app	搜索源	搜索	96	free	True	ok	200	https://grep.app/	
be16a8591cc3	3	annotation	IPTV直播源监控 | 自动更新每4小时	IPTV直播源监控 | 自动更新每4小时	https://zilong7728.github.io/Collect-IPTV/	https://zilong7728.github.io/Collect-IPTV/	zilong7728.github.io	软件工具	开源	96	free	True	ok	200	https://zilong7728.github.io/Collect-IPTV/	
ec2392361504	3	annotation	TVAPP：全网最全 Android TV 盒子应用与直播源资源库，轻松打造家庭影音娱乐中心	TVAPP：全网最全 Android TV 盒子应用与直播源资源库，轻松打造家庭影音娱乐中心	https://github.com/youhunwl/TVAPP	https://github.com/youhunwl/TVAPP	github.com	软件工具	开源	96	free	True	ok	200	https://github.com/youhunwl/TVAPP	
1dab41799042	3	annotation	享乐分享_分享热门的开源工具、实用网站	享乐分享_分享热门的开源工具、实用网站	https://xiangleshare.com/	https://xiangleshare.com/	xiangleshare.com	软件工具	开源	96	free	True	ok	200	https://xiangleshare.com/	
255556ab5b78	3	annotation	365文档_一站式获取海量专业实用工具、实用网站、电子书等资源信息	365文档_一站式获取海量专业实用工具、实用网站、电子书等资源信息	https://www.365doc.com.cn/	https://www.365doc.com.cn/	365doc.com.cn	软件工具		96	free	True	ok	200	https://www.365doc.com.cn/	
12e677a20833	3	annotation	吾爱共享_免费分享源码、设计素材、图片壁纸、网页代码、精品课程	吾爱共享_免费分享源码、设计素材、图片壁纸、网页代码、精品课程	https://www.52gxw.com/wap/	https://www.52gxw.com/wap/	52gxw.com	学习资料	设计	96	free	True	ok	200	https://www.52gxw.com/wap/	
df6792075577	4	annotation	新趣集：最新软件工具发布_最新更新数据清晰	新趣集：最新软件工具发布_最新更新数据清晰	https://xinquji.com/	https://xinquji.com/	xinquji.com	软件工具		96	free	True	ok	200	https://xinquji.com/	
173c54ff63ef	4	annotation	云开网 – 游戏软件资源下载基地	云开网 – 游戏软件资源下载基地	https://dmbase.cn/	https://dmbase.cn/	dmbase.cn	软件工具		96	free	True	ok	200	https://dmbase.cn/	
5c8529cb34bb	4	annotation	弱鸡娱乐网 - 专注活动，软件，教程分享！总之就是网络那些事	弱鸡娱乐网 - 专注活动，软件，教程分享！总之就是网络那些事	https://ruoj.cn/	https://ruoj.cn/	ruoj.cn	软件工具	教程	96	free	True	ok	200	https://ruoj.cn/	
5c25fb4e5556	4	annotation	茶水间日报_每日报道实用工具、冷门网站	茶水间日报_每日报道实用工具、冷门网站	https://csjrb.top/	https://csjrb.top/	csjrb.top	软件工具		94	free	True	ok	200	https://t.hsya.top/	redirect
7ef4861fd7ae	5	annotation	达令博客-专注免费，绿色，无毒无广的实用软件！	达令博客-专注免费，绿色，无毒无广的实用软件！	https://da0.cn/	https://da0.cn/	da0.cn	软件工具		96	free	True	ok	200	https://da0.cn/	
06b08c3a9874	5	annotation	各种浏览器书签大礼包	各种浏览器书签大礼包	https://rockyflux.github.io/Bookmarks/	https://rockyflux.github.io/Bookmarks/	rockyflux.github.io	软件工具	开源	96	free	True	ok	200	https://rockyflux.github.io/Bookmarks/	
087f6db4be8b	5	annotation	硬核指南	硬核指南	https://yinghezhinan.com/	https://yinghezhinan.com/	yinghezhinan.com	教程文章	教程	80	free	True	ok	200	https://yinghezhinan.com/	
e986b54e26c7	5	annotation	办公人导航（建议搜索关键词使用）	办公人导航（建议搜索关键词使用）	https://www.bgrdh.com/	https://www.bgrdh.com/	bgrdh.com	搜索源	搜索	96	free	True	ok	200	https://www.bgrdh.com/	
4843182313b4	5	annotation	在线词典大全_宇宙最全词典导航	在线词典大全_宇宙最全词典导航	https://github.com/Dictionaryphile/All_Dictionaries	https://github.com/Dictionaryphile/All_Dictionaries	github.com	软件工具	开源	96	free	True	ok	200	https://github.com/Dictionaryphile/All_Dictionaries	
7a9b6472fbf6	5	annotation	教师导航站 - 教学常用工具网址集	教师导航站 - 教学常用工具网址集	https://www.44886.com/go.htm	https://www.44886.com/go.htm	44886.com	软件工具		96	free	True	ok	200	https://www.44886.com/go.htm	
fb3d86f893a0	5	annotation	最好的AI法律助手和工具合集 - AIHub	最好的AI法律助手和工具合集 - AIHub	https://www.aihub.cn/tools/lawyer/	https://www.aihub.cn/tools/lawyer/	aihub.cn	AI工具	AI	96	free	True	ok	200	https://www.aihub.cn/tools/lawyer/	
3688682f1efd	6	annotation	发现设计／前端那些免费可商用的资源：那些免费的砖	发现设计／前端那些免费可商用的资源：那些免费的砖	https://www.thosefree.com/	https://www.thosefree.com/	thosefree.com	设计素材	设计	96	free	True	ok	200	https://www.thosefree.com/	
8ec47484432f	6	annotation	1000T资源总导航_考公教育、技术技能、娱乐休闲大汇总	1000T资源总导航_考公教育、技术技能、娱乐休闲大汇总	https://www.kdocs.cn/l/co3pCxmYQb6L	https://www.kdocs.cn/l/co3pCxmYQb6L	kdocs.cn	学习资料	文档	96	free	True	ok	200	https://www.kdocs.cn/l/co3pCxmYQb6L	
1fb2b03c830a	7	annotation	资源搜_最简单的源码搜索引擎	资源搜_最简单的源码搜索引擎	https://ym.aa1.cn/	https://ym.aa1.cn/	ym.aa1.cn	搜索源	搜索	96	free	True	ok	200	https://ym.aa1.cn/	
ea81172db65c	7	annotation	源码分享网-网站源码、网站插件、小程序源码等资源免费分享	源码分享网-网站源码、网站插件、小程序源码等资源免费分享	https://www.ymfenxiang.com/	https://www.ymfenxiang.com/	ymfenxiang.com	软件工具		96	free	True	ok	200	https://www.ymfenxiang.com/	
dbd3eb9de374	7	annotation	探索开源优质的工具	探索开源优质的工具	https://www.ossnav.com/	https://www.ossnav.com/	ossnav.com	软件工具	开源	96	free	True	ok	200	https://www.ossnav.com/	
363a0c5ad0fc	7	annotation	开源大世界-各种开源应用工具免费下载	开源大世界-各种开源应用工具免费下载	https://kydsj.vip/	https://kydsj.vip/	kydsj.vip	软件工具	开源	94	free	True	ok	200	https://kydsj.vip/doku.php?id=start	redirect
60ce4333cfbf	7	annotation	软件搜搜	软件搜搜	https://hew666.github.io/rjss/	https://hew666.github.io/rjss/	hew666.github.io	软件工具	开源	88	free	True	ok	200	https://hew666.github.io/rjss/	
aca2458a69c8	8	annotation	绿色无广的软件搜索	绿色无广的软件搜索	https://www.8kmm.com/soft/	https://www.8kmm.com/soft/	8kmm.com	搜索源	搜索	96	free	True	ok	200	https://www.8kmm.com/soft/	
f2f9dca33fa1	8	annotation	Chrome 插件站_最新好用的插件_提供历史版本	Chrome 插件站_最新好用的插件_提供历史版本	https://crxdl.com/	https://crxdl.com/	crxdl.com	软件工具		96	free	True	ok	200	https://crxdl.com/	
8a18364bfde6	8	annotation	收藏猫插件-Chrome插件商店,谷歌浏览器插件,谷歌应用商店插件推荐及下载	收藏猫插件-Chrome插件商店,谷歌浏览器插件,谷歌应用商店插件推荐及下载	https://chrome.pictureknow.com/	https://chrome.pictureknow.com/	chrome.pictureknow.com	软件工具		96	free	True	ok	200	https://chrome.pictureknow.com/	
8d6d21231a3d	8	annotation	LingRead - 智能阅读助手_AI 驱动的文章解析、智能分段与段落翻译工具	LingRead - 智能阅读助手_AI 驱动的文章解析、智能分段与段落翻译工具	https://lingread.app/	https://lingread.app/	lingread.app	AI工具	AI	96	free	True	ok	200	https://lingread.app/	
bca3957eaf53	8	annotation	小鹅通视频课件课程下载工具	小鹅通视频课件课程下载工具	https://www.xuewuzhi.cn/xiaoetech_downloader#download	https://www.xuewuzhi.cn/xiaoetech_downloader#download	xuewuzhi.cn	学习资料		96	free	True	ok	200	https://www.xuewuzhi.cn/xiaoetech_downloader#download	
7a08b023652a	8	annotation	小源教材下载助手 - 中小学教育资源一键畅快下载	小源教材下载助手 - 中小学教育资源一键畅快下载	https://www.yuanstudy.com/pages/7/	https://www.yuanstudy.com/pages/7/	yuanstudy.com	学习资料		96	free	True	ok	200	https://www.yuanstudy.com/pages/7/	
41aca4f8ef91	9	annotation	Mouse Tooltip Translator：鼠标悬停翻译神器，划词翻译、PDF翻译、OCR识别	Mouse Tooltip Translator：鼠标悬停翻译神器，划词翻译、PDF翻译、OCR识别	https://github.com/ttop32/MouseTooltipTranslator	https://github.com/ttop32/MouseTooltipTranslator	github.com	软件工具	开源	96	free	True	ok	200	https://github.com/ttop32/MouseTooltipTranslator	
fe51cca04251	9	annotation	陪读蛙 - 翻译器_开源、免费的沉浸式网页翻译&语言学习插件	陪读蛙 - 翻译器_开源、免费的沉浸式网页翻译&语言学习插件	https://www.readfrog.app/zh	https://www.readfrog.app/zh	readfrog.app	学习资料	开源	96	free	True	ok	200	https://www.readfrog.app/zh	
5bbf7575094f	9	annotation	AdBlock最牛的浏览器广告拦截插件之一，上亿次下载！电脑浏览器广告屏蔽插件，完全免费	AdBlock最牛的浏览器广告拦截插件之一，上亿次下载！电脑浏览器广告屏蔽插件，完全免费	https://adblockplus.org/	https://adblockplus.org/	adblockplus.org	软件工具		96	free	True	ok	200	https://adblockplus.org/	
de19438b0b4d	9	annotation	Alibaba Lens：一款Chrome 浏览器插件，通过一张截图即可在 Alibaba实时搜寻同款低价货源，	Alibaba Lens：一款Chrome 浏览器插件，通过一张截图即可在 Alibaba实时搜寻同款低价货源，	https://sale.alibaba.com/p/lens	https://sale.alibaba.com/p/lens	sale.alibaba.com	软件工具		96	free	True	ok	200	https://sale.alibaba.com/p/lens	
6f2e3aae5ef8	9	annotation	快测宝：一款API接口测试浏览器插件，支持批量请求与URL参数编辑，智能解析参数、实时	快测宝：一款API接口测试浏览器插件，支持批量请求与URL参数编辑，智能解析参数、实时	https://chrome.xs25.cn/	https://chrome.xs25.cn/	chrome.xs25.cn	软件工具		96	free	True	ok	200	https://chrome.xs25.cn/	
d4e6cd824972	9	annotation	新版Adobe全家桶下载 支持Mac和Windows	新版Adobe全家桶下载 支持Mac和Windows	https://www.yuque.com/yihulaojiu-gsfg9/zz2qv5/vixkf6	https://www.yuque.com/yihulaojiu-gsfg9/zz2qv5/vixkf6	yuque.com	软件工具		96	free	True	ok	200	https://www.yuque.com/yihulaojiu-gsfg9/zz2qv5/vixkf6	
4cab42bc935b	10	annotation	秒言-懂你的AI语音输入法，毫秒级 响应 目前只支持macOS系统	秒言-懂你的AI语音输入法，毫秒级 响应 目前只支持macOS系统	https://miaoyan.cn/	https://miaoyan.cn/	miaoyan.cn	AI工具	AI	96	free	True	ok	200	https://miaoyan.cn/	
b484bfb6225e	10	annotation	Office AI_一键完成数据分析_自动生成图表	Office AI_一键完成数据分析_自动生成图表	https://www.officeso.cn/	https://www.officeso.cn/	officeso.cn	AI工具	AI	96	free	True	ok	200	https://www.officeso.cn/	
a021223cc40e	11	annotation	打印机工具箱_汇集各大品牌打印机驱动和打印组件	打印机工具箱_汇集各大品牌打印机驱动和打印组件	https://www.dyjqd.com/api/down.html	https://www.dyjqd.com/api/down.html	dyjqd.com	软件工具		96	free	True	ok	200	https://www.dyjqd.com/api/down.html	
5391fc6744dc	11	annotation	LetRecovery：一款免费开源的 Windows 系统重装工具，支持原版 Windows 镜像格式，同时兼	LetRecovery：一款免费开源的 Windows 系统重装工具，支持原版 Windows 镜像格式，同时兼	https://github.com/NORMAL-EX/LetRecovery	https://github.com/NORMAL-EX/LetRecovery	github.com	软件工具	开源	96	free	True	ok	200	https://github.com/NORMAL-EX/LetRecovery	
27ceff62ceb2	11	annotation	WinFR Windows文件恢复（微软命令行程序）的免费图形界面，帮您轻松恢复文件	WinFR Windows文件恢复（微软命令行程序）的免费图形界面，帮您轻松恢复文件	https://www.winfr.com.cn/	https://www.winfr.com.cn/	winfr.com.cn	软件工具		96	free	True	ok	200	https://www.winfr.com.cn/	
89eacd4317bf	11	annotation	14ku 屏幕 AI 翻译器：一款可本地运行的免费屏幕翻译工具，支持 OCR 截图翻译，适用于游	14ku 屏幕 AI 翻译器：一款可本地运行的免费屏幕翻译工具，支持 OCR 截图翻译，适用于游	https://14ku.date/	https://14ku.date/	14ku.date	AI工具	AI	96	free	True	ok	200	https://14ku.date/	
1b3af555683e	11	annotation	NeoClick - 鼠标连点器_专为Windows打造_免费无广告，后台点击不干扰	NeoClick - 鼠标连点器_专为Windows打造_免费无广告，后台点击不干扰	https://start1712.github.io/NeoClick/	https://start1712.github.io/NeoClick/	start1712.github.io	软件工具	开源	96	free	True	ok	200	https://start1712.github.io/NeoClick/	
5bc1e9f4b368	12	annotation	Pogget - 文件收纳管理工具	Pogget - 文件收纳管理工具	https://pogget.vilinko.com/	https://pogget.vilinko.com/	pogget.vilinko.com	软件工具		96	free	True	ok	200	https://pogget.vilinko.com/	
3e74b2ffd07b	12	annotation	秘塔回响_语言转文字工具，免费无广告，0.5极速响应，支持50+语言和方言，保护隐私	秘塔回响_语言转文字工具，免费无广告，0.5极速响应，支持50+语言和方言，保护隐私	https://metaso.cn/echo	https://metaso.cn/echo	metaso.cn	软件工具		96	free	True	ok	200	https://metaso.cn/echo	
c19daf29b671	13	annotation	Mac俱乐部 - 专为苹果电脑与 iPhone 用户精心打造的软件下载与分享平台	Mac俱乐部 - 专为苹果电脑与 iPhone 用户精心打造的软件下载与分享平台	https://www.maclub.net/	https://www.maclub.net/	maclub.net	软件工具		96	free	True	ok	200	https://www.maclub.net/	
197c804c039d	13	annotation	佛系软件（win - MacOS）	佛系软件（win - MacOS）	https://foxirj.com/	https://foxirj.com/	foxirj.com	软件工具		96	free	True	ok	200	https://foxirj.com/	
c68979a063c0	13	annotation	异星软件空间（手机电脑）	异星软件空间（手机电脑）	https://www.yxssp.com/	https://www.yxssp.com/	yxssp.com	软件工具		96	free	True	ok	200	https://www.yxssp.com/	
e9a8ed872257	14	annotation	2025个人高效工具箱_个人常用设备软件（下滑）	2025个人高效工具箱_个人常用设备软件（下滑）	https://github.com/pseudoyu/yu-tools	https://github.com/pseudoyu/yu-tools	github.com	软件工具	开源	96	free	True	ok	200	https://github.com/pseudoyu/yu-tools	
aec15ed2b042	14	annotation	PS大师网-免费分享 Photoshop插件，PSD，笔 刷，滤镜，PNG素材	PS大师网-免费分享 Photoshop插件，PSD，笔 刷，滤镜，PNG素材	https://www.psdashi.com/	https://www.psdashi.com/	psdashi.com	软件工具	设计	96	free	True	ok	200	https://www.psdashi.com/	
f88ab2226468	14	annotation	Photoshop插件【PS插件】免费下载	Photoshop插件【PS插件】免费下载	https://m.yutu.cn/popsoft_345.html#offCanvasSide	https://m.yutu.cn/popsoft_345.html#offCanvasSide	m.yutu.cn	软件工具		96	free	True	ok	200	https://m.yutu.cn/popsoft_345.html#offCanvasSide	
9a38cfce87b9	14	annotation	LocalSend - 开源、免费的互传软件，支持windows、linux、苹果、安卓、网页等，可通过链接进	LocalSend - 开源、免费的互传软件，支持windows、linux、苹果、安卓、网页等，可通过链接进	https://localsend.org/zh-CN	https://localsend.org/zh-CN	localsend.org	软件工具	开源	96	free	True	ok	200	https://localsend.org/zh-CN	
32a6c6819b86	14	annotation	AIGCPanel 开源 AI 数字人_小白也可使用，支持视频合成、声音合成、声音克隆，简化本地模型管	AIGCPanel 开源 ai 数字人_小白也可使用，支持视频合成、声音合成、声音克隆，简化本地模型管	https://aigcpanel.com/	https://aigcpanel.com/	aigcpanel.com	AI工具	AI,开源	96	free	True	ok	200	https://aigcpanel.com/	
0c8f011d919a	14	annotation	ChatLab-微信，QQ，WhatsApp聊天记录分析工具	ChatLab-微信，QQ，WhatsApp聊天记录分析工具	https://chatlab.fun/	https://chatlab.fun/	chatlab.fun	软件工具		96	free	True	ok	200	https://chatlab.fun/	
8f18c09077f7	14	annotation	JPet：一款基于Live2D的桌面宠物软件，以B站虚拟轴伊Joi为原型，提供B站动态提醒、文件拖拽	JPet：一款基于Live2D的桌面宠物软件，以B站虚拟轴伊Joi为原型，提供B站动态提醒、文件拖拽	https://pet.vjoi.cn/	https://pet.vjoi.cn/	pet.vjoi.cn	软件工具		96	free	True	ok	200	https://pet.vjoi.cn/	
4aa81a9266dd	14	annotation	Snow Shot 截图，截图智能框选、一键全屏截图、固定到屏幕、OCR提取文本、AI 翻译	Snow Shot 截图，截图智能框选、一键全屏截图、固定到屏幕、OCR提取文本、AI 翻译	https://snowshot.top/	https://snowshot.top/	snowshot.top	AI工具	AI	96	free	True	ok	200	https://snowshot.top/	
e0485a40f1fe	14	annotation	牛牛剪剧：一款免费的 AI 短剧解说神器，一键生成短剧解说视频	牛牛剪剧：一款免费的 AI 短剧解说神器，一键生成短剧解说视频	http://nnjj.dukey.cn/	http://nnjj.dukey.cn/	nnjj.dukey.cn	AI工具	AI	86	free	True	ok	200	http://nnjj.dukey.cn/	
c08b4843ca7a	15	annotation	直装类游戏工具	直装类游戏工具	https://link3.cc/wykjyyds	https://link3.cc/wykjyyds	link3.cc	软件工具		96	free	True	ok	200	https://link3.cc/wykjyyds	
622cb03b81aa	15	annotation	卷不卷：一站式学习资源库，海量电子书与精品课程免费获取	卷不卷：一站式学习资源库，海量电子书与精品课程免费获取	https://www.juanbujuan.net/	https://www.juanbujuan.net/	juanbujuan.net	学习资料		96	free	True	ok	200	https://www.juanbujuan.net/	
6efe02c15365	15	annotation	软件自学网_CAD教程,UG教程,Pro/E教程,PS教程,我要自学网	软件自学网_CAD教程,UG教程,Pro/E教程,PS教程,我要自学网	https://www.rjzxw.com/	https://www.rjzxw.com/	rjzxw.com	软件工具	教程	96	free	True	ok	200	https://www.rjzxw.com/	
2ba7f414ed03	15	annotation	雨露课程_由网友汇集整理各类考试资料_财会、金融、建筑、考公、考研、实操、题库app等资料	雨露课程_由网友汇集整理各类考试资料_财会、金融、建筑、考公、考研、实操、题库app等资料	https://www.yulukc.com/	https://www.yulukc.com/	yulukc.com	学习资料		96	free	True	ok	200	https://www.yulukc.com/	
9160d4afc587	15	annotation	鸭子学习小站_海量免费学习资源课程	鸭子学习小站_海量免费学习资源课程	https://evilbinary.github.io/duck-learn/books/#%E5%AD%A6%E4%B9%A0%E8%B5%84%E6%96%99	https://evilbinary.github.io/duck-learn/books/#%E5%AD%A6%E4%B9%A0%E8%B5%84%E6%96%99	evilbinary.github.io	学习资料	开源	96	free	True	ok	200	https://evilbinary.github.io/duck-learn/books/#%E5%AD%A6%E4%B9%A0%E8%B5%84%E6%96%99	
c8d30cd43567	15	annotation	qzzn- 国内最大的考公论坛	qzzn- 国内最大的考公论坛	https://bbs.qzzn.com/forum.php?forumlist=1&mobile=2	https://bbs.qzzn.com/forum.php?forumlist=1&mobile=2	bbs.qzzn.com	学习资料		94	free	True	ok	200	https://bbs.qzzn.com/forum.php?forumlist=1&mobile=no	redirect
c1dd7b589c46	15	annotation	公考学习目录	公考学习目录	https://www.kdocs.cn/l/ctYoDB9lU4o9	https://www.kdocs.cn/l/ctYoDB9lU4o9	kdocs.cn	学习资料	文档	96	free	True	ok	200	https://www.kdocs.cn/l/ctYoDB9lU4o9	
0b767beac3bd	15	annotation	考证考级教程资料分享_各类考证考级视频教程/课程、真题资料、面试技巧等	考证考级教程资料分享_各类考证考级视频教程/课程、真题资料、面试技巧等	http://jcjys.edudisk.cn/allshare.aspx	http://jcjys.edudisk.cn/allshare.aspx	jcjys.edudisk.cn	学习资料	教程	86	free	True	ok	200	http://jcjys.edudisk.cn/allshare.aspx	
a8212f7c1b66	16	annotation	小初高中考高考学习资料大全	小初高中考高考学习资料大全	https://www.kdocs.cn/l/ca9wJaOxSmGl	https://www.kdocs.cn/l/ca9wJaOxSmGl	kdocs.cn	学习资料	文档	96	free	True	ok	200	https://www.kdocs.cn/l/ca9wJaOxSmGl	
f8fa625b91e4	16	annotation	学习资料宝藏库_汇集全学段、多领域学习资源的宝藏天地！从幼小衔接、小学、初中到高中	学习资料宝藏库_汇集全学段、多领域学习资源的宝藏天地！从幼小衔接、小学、初中到高中	https://link3.cc/xbjf	https://link3.cc/xbjf	link3.cc	学习资料		96	free	True	ok	200	https://link3.cc/xbjf	
bc33ace7f7cd	16	annotation	B站网课资源推荐站！思维导图模式，附带播放地址，手机建议双指缩放	B站网课资源推荐站！思维导图模式，附带播放地址，手机建议双指缩放	https://gitmind.cn/app/docs/mpa0m9v0	https://gitmind.cn/app/docs/mpa0m9v0	gitmind.cn	软件工具		96	free	True	ok	200	https://gitmind.cn/app/docs/mpa0m9v0	
d4d095e958fd	16	annotation	全球顶尖高校 计算机科学免费公开课合集｜MIT、斯坦福、哈佛核心课程一站式学习指南	全球顶尖高校 计算机科学免费公开课合集｜MIT、斯坦福、哈佛核心课程一站式学习指南	https://github.com/0voice/Awesome-CS-OpenCourse	https://github.com/0voice/Awesome-CS-OpenCourse	github.com	学习资料	开源,教程	96	free	True	ok	200	https://github.com/0voice/Awesome-CS-OpenCourse	
32d607ce0ba3	16	annotation	2025 最新校招面试题合集（面向 2026 届）：1000+ 道真题与视频讲解，覆盖百家大厂	2025 最新校招面试题合集（面向 2026 届）：1000+ 道真题与视频讲解，覆盖百家大厂	https://github.com/0voice/Campus_recruitment_interview_questions	https://github.com/0voice/Campus_recruitment_interview_questions	github.com	软件工具	开源	96	free	True	ok	200	https://github.com/0voice/Campus_recruitment_interview_questions	
d4cbdcad7f17	16	annotation	公开真题库_考公／资格证／软考真题库	公开真题库_考公／资格证／软考真题库	https://www.gkzenti.cn/	https://www.gkzenti.cn/	gkzenti.cn	学习资料		94	free	True	ok	200	https://gwy.gkzhenti.cn/	redirect
8cbb6c5374fc	16	annotation	问答库_做最有用的题库问答学习平台	问答库_做最有用的题库问答学习平台	https://m.asklib.com/	https://m.asklib.com/	m.asklib.com	学习资料		94	free	True	ok	200	https://www.asklib.com/	redirect
2837eba556b9	17	annotation	开源免费电子书下载宝库 EPUB/MOBI/AZW3一站式获取	开源免费电子书下载宝库 EPUB/MOBI/AZW3一站式获取	https://github.com/jbiaojerry/ebook-treasure-chest	https://github.com/jbiaojerry/ebook-treasure-chest	github.com	软件工具	开源	96	free	True	ok	200	https://github.com/jbiaojerry/ebook-treasure-chest	
141dc84cb9fd	18	annotation	电子书搜索引擎	电子书搜索引擎	https://www.giffox.com/	https://www.giffox.com/	giffox.com	搜索源	搜索	96	free	True	ok	200	https://www.giffox.com/	
348707ec3b14	19	annotation	截止2026年最齐全的软考高级备考资源库	截止2026年最齐全的软考高级备考资源库	https://github.com/xiaomabenten/ruankao_itpm?ysclid=mnimio9trd16854101	https://github.com/xiaomabenten/ruankao_itpm	github.com	学习资料	开源	96	free	True	ok	200	https://github.com/xiaomabenten/ruankao_itpm	
eb26ae269ad1	19	annotation	好股网-分享有价值的股票软件公式平台	好股网-分享有价值的股票软件公式平台	https://www.goodgupiao.com/	https://www.goodgupiao.com/	goodgupiao.com	软件工具		96	free	True	ok	200	https://www.goodgupiao.com/	
63533731cda1	19	annotation	PICKFREE_免版权图片、免费商用字体、免费音频、视频等设计素材下载资源站的导航	PICKFREE_免版权图片、免费商用字体、免费音频、视频等设计素材下载资源站的导航	https://www.pickfree.cn/	https://www.pickfree.cn/	pickfree.cn	设计素材	设计	96	free	True	ok	200	https://www.pickfree.cn/	
ffa7a58b76a7	19	annotation	MFSC123 免费商用素材免版权资源网站导航	MFSC123 免费商用素材免版权资源网站导航	https://www.mfsc123.com/	https://www.mfsc123.com/	mfsc123.com	设计素材	设计	96	free	True	ok	200	https://www.mfsc123.com/	
c3f535cf5ad9	19	annotation	unDraw_高质量且相同风格的矢量素材_免费下载可商用	unDraw_高质量且相同风格的矢量素材_免费下载可商用	https://undraw.co/illustrations	https://undraw.co/illustrations	undraw.co	设计素材	设计	96	free	True	ok	200	https://undraw.co/illustrations	
55fdec7523c9	19	annotation	Icons8提供200+动画图标_质量超高_免费商用	Icons8提供200+动画图标_质量超高_免费商用	https://icons8.com/icons/set/popular--animated	https://icons8.com/icons/set/popular--animated	icons8.com	设计素材	设计	96	free	True	ok	200	https://icons8.com/icons/set/popular--animated	
c384aab9e70f	20	annotation	免费高清透明PNG素材资源分享网站	免费高清透明PNG素材资源分享网站	https://www.pngsucai.com/	https://www.pngsucai.com/	pngsucai.com	设计素材	设计	96	free	True	ok	200	https://www.pngsucai.com/	
9aa47439c38a	20	annotation	BBAB.NET - 免版权图片搜索引擎	BBAB.NET - 免版权图片搜索引擎	https://bbab.net/images/	https://bbab.net/images/	bbab.net	搜索源	搜索,设计	96	free	True	ok	200	https://bbab.net/images/	
6abe895315ba	20	annotation	cc0图片网 聚合搜索全球免费可商用素材	cc0图片网 聚合搜索全球免费可商用素材	http://www.cc0.cn/	http://www.cc0.cn/	cc0.cn	搜索源	搜索,设计	86	free	True	ok	200	http://www.cc0.cn/	
ed22e230a6da	20	annotation	AI智能免版权素材搜索引擎：素材SoSo	AI智能免版权素材搜索引擎：素材SoSo	https://clipso.agilestudio.cn/	https://clipso.agilestudio.cn/	clipso.agilestudio.cn	搜索源	搜索,AI,设计	96	free	True	ok	200	https://clipso.agilestudio.cn/	
445680ff65d8	20	annotation	无版权图片一键搜索	无版权图片一键搜索	https://www.logosc.cn/so/	https://www.logosc.cn/so/	logosc.cn	搜索源	搜索,设计	96	free	True	ok	200	https://www.logosc.cn/so/	
445c95e8c307	20	annotation	美图集 - 高清无版权图片搜索	美图集 - 高清无版权图片搜索	https://photo.ihansen.org/	https://photo.ihansen.org/	photo.ihansen.org	搜索源	搜索,设计	96	free	True	ok	200	https://photo.ihansen.org/	
9083af3f2880	21	annotation	51PPT_所有模板免费下载	51PPT_所有模板免费下载	https://www.51pptmoban.com/	https://www.51pptmoban.com/	51pptmoban.com	设计素材	设计	96	free	True	ok	200	https://www.51pptmoban.com/	
d097c6813481	21	annotation	比格PPT_免费PPT模板	比格PPT_免费PPT模板	http://www.tretars.com/	http://www.tretars.com/	tretars.com	设计素材	设计	86	free	True	ok	200	http://www.tretars.com/	
b3c73d13da87	21	annotation	优品PPT，免费PPT模板下载	优品PPT，免费PPT模板下载	https://www.ypppt.com/	https://www.ypppt.com/	ypppt.com	设计素材	设计	96	free	True	ok	200	https://www.ypppt.com/	
0ec4a4497433	21	annotation	免费 AI 简历制作工具，0 经验也能用简历 AI 做出专业简历	免费 AI 简历制作工具，0 经验也能用简历 AI 做出专业简历	https://www.jianliai.com/	https://www.jianliai.com/	jianliai.com	AI工具	AI	96	free	True	ok	200	https://www.jianliai.com/	
f686f06601af	21	annotation	免费可编辑简历模板下载 word电子版	免费可编辑简历模板下载 word电子版	https://jianlixiazai.cn/	https://jianlixiazai.cn/	jianlixiazai.cn	设计素材	设计	96	free	True	ok	200	https://jianlixiazai.cn/	
bae676abeb67	22	annotation	Font.icu_免费字体搜索与下载服务，收录了全网大量中英文字体，且每一款字体都提供官方/开	Font.icu_免费字体搜索与下载服务，收录了全网大量中英文字体，且每一款字体都提供官方/开	https://font.icu/	https://font.icu/	font.icu	搜索源	搜索	96	free	True	ok	200	https://font.icu/	
22dd50920816	22	annotation	字体天下_提供各类字体免费下载	字体天下_提供各类字体免费下载	https://m.fonts.net.cn/	https://m.fonts.net.cn/	m.fonts.net.cn	设计素材		96	free	True	ok	200	https://m.fonts.net.cn/	
e2a41a0307ef	22	annotation	免费商用字体与Web字体CDN平台，助力高效网页设计：ZeoSeven Fonts (ZSFT)	免费商用字体与Web字体CDN平台，助力高效网页设计：ZeoSeven Fonts (ZSFT)	https://fonts.zeoseven.com/	https://fonts.zeoseven.com/	fonts.zeoseven.com	设计素材	设计	96	free	True	ok	200	https://fonts.zeoseven.com/	
07a33831f9a7	22	annotation	字体搬运工-免费商用字体下载	字体搬运工-免费商用字体下载	https://font.sucai999.com/	https://font.sucai999.com/	font.sucai999.com	设计素材		96	free	True	ok	200	https://font.sucai999.com/	
a3c6f0c0d79a	22	annotation	日历精灵：日历下载网站，支持各种日历模板Excel、Word、Pdf、图片Jpg	日历精灵：日历下载网站，支持各种日历模板Excel、Word、Pdf、图片Jpg	http://www.5adanci.com/	http://www.5adanci.com/	5adanci.com	设计素材	设计	84	free	True	ok	200	https://www.5adanci.com/	redirect
0addd6123ae7	23	annotation	CG资源网－AE／PR模板	CG资源网－AE／PR模板	https://www.cgown.com/	https://www.cgown.com/	cgown.com	设计素材	设计	96	free	True	ok	200	https://www.cgown.com/	
fea2970d2f34	23	annotation	免费模板库_全模板合集	免费模板库_全模板合集	https://www.rtemplate.cn/	https://www.rtemplate.cn/	rtemplate.cn	设计素材	设计	96	free	True	ok	200	https://www.rtemplate.cn/	
79b02b259f6c	23	annotation	panhunt公正客观的网盘搜索工具评测与导航	panhunt公正客观的网盘搜索工具评测与导航	https://panhunt.com/	https://panhunt.com/	panhunt.com	搜索源	搜索,网盘	96	free	True	ok	200	https://panhunt.com/	
25bca27bcedb	24	annotation	Netdisk Fast开源 - 各类网盘直链解析	Netdisk Fast开源 - 各类网盘直链解析	https://github.com/qaiu/netdisk-fast-download	https://github.com/qaiu/netdisk-fast-download	github.com	软件工具	网盘,开源	96	free	True	ok	200	https://github.com/qaiu/netdisk-fast-download	
e86ea1c20e55	24	annotation	各类网盘直链解析工具-nfd云解析	各类网盘直链解析工具-nfd云解析	https://lz.qaiu.top/	https://lz.qaiu.top/	lz.qaiu.top	软件工具	网盘	96	free	True	ok	200	https://lz.qaiu.top/	
12b3bfeacddf	24	annotation	开源的游戏变速工具，可加速网盘下载	开源的游戏变速工具，可加速网盘下载	https://github.com/game1024/OpenSpeedy?tab=readme-ov-file	https://github.com/game1024/OpenSpeedy?tab=readme-ov-file	github.com	软件工具	网盘,开源	96	free	True	ok	200	https://github.com/game1024/OpenSpeedy?tab=readme-ov-file	
5a4d1f90be3a	24	annotation	LinkSwift - 脚本直链地址提取	LinkSwift - 脚本直链地址提取	https://github.com/hmjz100/LinkSwift	https://github.com/hmjz100/LinkSwift	github.com	软件工具	开源	96	free	True	ok	200	https://github.com/hmjz100/LinkSwift	
91e32e87f6a8	24	annotation	KDown-Free - 百度网盘解析工具 | 免费高速下载 | 无需登录	KDown-Free - 百度网盘解析工具 | 免费高速下载 | 无需登录	https://kdown.moiu.cn/free/#/index	https://kdown.moiu.cn/free/#/index	kdown.moiu.cn	软件工具	网盘	96	free	True	ok	200	https://kdown.moiu.cn/free/#/index	
22e0de10d37f	25	annotation	获取OneDrive直链 - 网页直链提取工具	获取OneDrive直链 - 网页直链提取工具	https://mapaler.github.io/GetOneDriveDirectLink/	https://mapaler.github.io/GetOneDriveDirectLink/	mapaler.github.io	软件工具	开源	96	free	True	ok	200	https://mapaler.github.io/GetOneDriveDirectLink/	
3545e80ff02d	25	annotation	哎哟喂啊_最新夸克资源分享／搜索	哎哟喂啊_最新夸克资源分享／搜索	https://m.aiyoweia.com/	https://m.aiyoweia.com/	m.aiyoweia.com	搜索源	搜索,网盘	96	free	True	ok	200	https://m.aiyoweia.com/	
7a11ad66bb3d	25	annotation	AList：开源自托管网盘工具，支持多存储聚合与 WebDAV 挂载	AList：开源自托管网盘工具，支持多存储聚合与 WebDAV 挂载	https://alistgo.com/zh/	https://alistgo.com/zh/	alistgo.com	软件工具	网盘,开源	96	free	True	ok	200	https://alistgo.com/zh/	
37ffcd280740	25	annotation	123FastLink免费生成123云盘，夸克，天翼189云盘秒传JSON文件快速转存网盘资源到自己账号，	123FastLink免费生成123云盘，夸克，天翼189云盘秒传JSON文件快速转存网盘资源到自己账号，	https://123.kkit.app/	https://123.kkit.app/	123.kkit.app	软件工具	网盘	96	free	True	ok	200	https://123.kkit.app/	
f3047d7a9fc5	26	annotation	实时更新安卓1000+款游戏_可搜索	实时更新安卓1000+款游戏_可搜索	https://www.kdocs.cn/l/ckZBUx5DGG0p	https://www.kdocs.cn/l/ckZBUx5DGG0p	kdocs.cn	搜索源	搜索,文档	96	free	True	ok	200	https://www.kdocs.cn/l/ckZBUx5DGG0p	
cb8b8e5536f2	27	annotation	Steam++包含多种 Steam 工具功能的工具箱，比如：游戏加速、插件、库存管理、令牌管理等	Steam++包含多种 Steam 工具功能的工具箱，比如：游戏加速、插件、库存管理、令牌管理等	https://steampp.net/?imyshare.com=friends	https://steampp.net/	steampp.net	软件工具		96	free	True	ok	200	https://steampp.net/	
258a5ca85635	27	annotation	自媒体教程网_海量自媒体工具及玩法教程免费学习	自媒体教程网_海量自媒体工具及玩法教程免费学习	https://www.cocotoolset.cn/	https://www.cocotoolset.cn/	cocotoolset.cn	学习资料	教程	94	free	True	ok	200	https://nav.cocotoolset.cn/	redirect
f9341c4f618b	28	annotation	知鸿阁副业教程	知鸿阁副业教程	https://zhihongge.com/	https://zhihongge.com/	zhihongge.com	教程文章	教程	88	free	True	ok	200	https://zhihongge.com/	
3b021cf791c6	28	annotation	AI星踪岛 – 中文评测导航_优设网旗下，带中文评测的AI工具地图	AI星踪岛 – 中文评测导航_优设网旗下，带中文评测的AI工具地图	https://aixzd.com/	https://aixzd.com/	aixzd.com	AI工具	AI	96	free	True	ok	200	https://aixzd.com/	
30bc3821814d	28	annotation	AI使用导航_豆包、AICG、Cursot、Copilot等多个平台的教程	AI使用导航_豆包、AICG、Cursot、Copilot等多个平台的教程	https://gitschool.cn/	https://gitschool.cn/	gitschool.cn	AI工具	AI,教程	96	free	True	ok	200	https://gitschool.cn/	
cbc41d2e9b77	28	annotation	东方AI导航｜顶级AI免费使用渠道聚合	东方AI导航｜顶级AI免费使用渠道聚合	https://flowus.cn/dongfang/share/3fd6305e-5531-43de-956e-01e82b65e976	https://flowus.cn/dongfang/share/3fd6305e-5531-43de-956e-01e82b65e976	flowus.cn	AI工具	AI,文档	96	free	True	ok	200	https://flowus.cn/dongfang/share/3fd6305e-5531-43de-956e-01e82b65e976	
9630559934f2	28	annotation	老北鼻AI智能助手产品表	老北鼻AI智能助手产品表	https://lj.lbbai.com/#	https://lj.lbbai.com/	lj.lbbai.com	AI工具	AI	96	free	True	ok	200	https://lj.lbbai.com/	
7586f6376b69	28	annotation	AI生产力	AI生产力	https://www.kdjingpai.com/	https://www.kdjingpai.com/	kdjingpai.com	AI工具	AI	88	free	True	ok	200	https://www.kdjingpai.com/	
5cc64aeac8cf	29	annotation	SkillsBot - 发现、分享、安装 AI Agent Skill技能库	SkillsBot - 发现、分享、安装 AI Agent Skill技能库	https://www.skillsbot.cn/	https://www.skillsbot.cn/	skillsbot.cn	AI工具	AI	96	free	True	ok	200	https://www.skillsbot.cn/	
265c500ae0b6	29	annotation	PPTist_无需登录，完全免费的ppt生成工具	PPTist_无需登录，完全免费的ppt生成工具	https://pipipi-pikachu.github.io/PPTist/	https://pipipi-pikachu.github.io/PPTist/	pipipi-pikachu.github.io	软件工具	开源	96	free	True	ok	200	https://pipipi-pikachu.github.io/PPTist/	
64351cef8552	29	annotation	免费/无需登录 即可快速进行AI换脸的工具	免费/无需登录 即可快速进行AI换脸的工具	https://github.com/ruanyf/weekly/issues/7689	https://github.com/ruanyf/weekly/issues/7689	github.com	AI工具	AI,开源	96	free	True	ok	200	https://github.com/ruanyf/weekly/issues/7689	
4b17e5636b99	29	annotation	AI图像生成器_完全免费，无需登录	ai图像生成器_完全免费，无需登录	https://aiart.gcc.ac.cn/	https://aiart.gcc.ac.cn/	aiart.gcc.ac.cn	AI工具	AI	96	free	True	ok	200	https://aiart.gcc.ac.cn/	
ea812da4da9d	30	annotation	Parakeet TDT：在线AI极速语音转文字工具，60分钟音频1秒转录	Parakeet TDT：在线AI极速语音转文字工具，60分钟音频1秒转录	https://parakeettdt.com/	https://parakeettdt.com/	parakeettdt.com	AI工具	AI	96	free	True	ok	200	https://parakeettdt.com/	
3546adc1f66c	30	annotation	AI在线 LOGO 生成器_每天五个免费名额_无水印	AI在线 LOGO 生成器_每天五个免费名额_无水印	https://logoai.ai/zh-CN	https://logoai.ai/zh-CN	logoai.ai	AI工具	AI	96	free	True	ok	200	https://logoai.ai/zh-CN	
b988176e0156	31	annotation	懒人创作者工具！西瓜封面一键在线设计，免费无门槛	懒人创作者工具！西瓜封面一键在线设计，免费无门槛	https://cover.xgdh.cn/	https://cover.xgdh.cn/	cover.xgdh.cn	软件工具	设计	96	free	True	ok	200	https://cover.xgdh.cn/	
4a42155f794a	31	annotation	懒人封面生成器_免费，支持多种样式封面生成，实时预览	懒人封面生成器_免费，支持多种样式封面生成，实时预览	https://cover.lazyso.com/	https://cover.lazyso.com/	cover.lazyso.com	设计素材		96	free	True	ok	200	https://cover.lazyso.com/	
29b0215fcbec	31	annotation	小红书图文轻松生成，各大媒体平台封面一键制作工具！内置海量模板！简单设计	小红书图文轻松生成，各大媒体平台封面一键制作工具！内置海量模板！简单设计	https://jiandan.link/?rel=73UW3WQ2	https://jiandan.link/	jiandan.link	软件工具	设计	96	free	True	ok	200	https://jiandan.link/	
5f7257abcd02	31	annotation	小红书图片封面生成器，在线免费使用，无需注册，支持批量生成各种图片，内置模板	小红书图片封面生成器，在线免费使用，无需注册，支持批量生成各种图片，内置模板	https://www.kuaitu.cc/	https://www.kuaitu.cc/	kuaitu.cc	设计素材	设计	96	free	True	ok	200	https://www.kuaitu.cc/	
3b42f5bf31d5	31	annotation	ThisCover_免费漂亮的封面生成器	ThisCover_免费漂亮的封面生成器	https://cover.weizwz.com/	https://cover.weizwz.com/	cover.weizwz.com	设计素材		96	free	True	ok	200	https://cover.weizwz.com/	
20d39ad663f9	31	annotation	LocalScan证件盾-本地身份证扫描软件|免费在线身份证 PDF生成器	LocalScan证件盾-本地身份证扫描软件|免费在线身份证 PDF生成器	https://localscan.leavesc.cn/	https://localscan.leavesc.cn/	localscan.leavesc.cn	软件工具		96	free	True	ok	200	https://localscan.leavesc.cn/	
cbe79824a8ee	31	annotation	33字幕图-免费在线制作电影字幕拼图工具	33字幕图-免费在线制作电影字幕拼图工具	https://zmt.agilestudio.cn/	https://zmt.agilestudio.cn/	zmt.agilestudio.cn	软件工具		96	free	True	ok	200	https://zmt.agilestudio.cn/	
2002842ba910	32	annotation	在线gif制作工具	在线gif制作工具	https://www.gif.cn/	https://www.gif.cn/	gif.cn	软件工具		96	free	True	ok	200	https://www.gif.cn/	
01ff60fdc69a	32	annotation	无需注册、完全免费的Ai在线抠图站！一键自动抠图换背景神站，轻松处理发丝 导入图片即可	无需注册、完全免费的Ai在线抠图站！一键自动抠图换背景神站，轻松处理发丝 导入图片即可	https://freeaiimage.net/zh/background-removal	https://freeaiimage.net/zh/background-removal	freeaiimage.net	AI工具	AI,设计	96	free	True	ok	200	https://freeaiimage.net/zh/background-removal	
3dabb1b9761d	32	annotation	抠抠抠-免费抠图去背景工具	抠抠抠-免费抠图去背景工具	https://koukoukou.cn/	https://koukoukou.cn/	koukoukou.cn	软件工具		96	free	True	ok	200	https://koukoukou.cn/	
fcc82b78cbd6	33	annotation	在线压缩图片	在线压缩图片	https://freecompress.com/zh-cn/compress-image	https://freecompress.com/zh-cn/compress-image	freecompress.com	设计素材	设计	96	free	True	ok	200	https://freecompress.com/zh-cn/compress-image	
be83bb80b6ce	33	annotation	免费在线图片 / 视频压缩工具	免费在线图片 / 视频压缩工具	http://www.yalijuda.com/	http://www.yalijuda.com/	yalijuda.com	软件工具	设计	86	free	True	ok	200	http://www.yalijuda.com/	
ce3ca3a06445	33	annotation	免费在线证件照生成工具-帮小忙工具箱	免费在线证件照生成工具-帮小忙工具箱	https://tool.browser.qq.com/id_photo.html	https://tool.browser.qq.com/id_photo.html	tool.browser.qq.com	软件工具		96	free	True	ok	200	https://tool.browser.qq.com/id_photo.html	
e10f4186f1ae	33	annotation	免费图片加水印小工具 支持批量加水印	免费图片加水印小工具 支持批量加水印	https://wm.weilkq.com/	https://wm.weilkq.com/	wm.weilkq.com	软件工具	设计	96	free	True	ok	200	https://wm.weilkq.com/	
27ddafedf1b8	34	annotation	花快图_免费花纹花型设计工具，一张图片可以生成无数张纹理图	花快图_免费花纹花型设计工具，一张图片可以生成无数张纹理图	https://hua.kuaitu.cc/	https://hua.kuaitu.cc/	hua.kuaitu.cc	软件工具	设计	96	free	True	ok	200	https://hua.kuaitu.cc/	
c98d206cef7c	34	annotation	perlerbeads图片转换为拼豆图纸的网站	perlerbeads图片转换为拼豆图纸的网站	https://perlerbeads.zippland.com/	https://perlerbeads.zippland.com/	perlerbeads.zippland.com	设计素材	设计	96	free	True	ok	200	https://perlerbeads.zippland.com/	
c3bea809d2f3	34	annotation	视频转 gif 在本地浏览器中快速完成转换	视频转 gif 在本地浏览器中快速完成转换	https://lyonbot.github.io/video-to-gif/	https://lyonbot.github.io/video-to-gif/	lyonbot.github.io	软件工具	开源	96	free	True	ok	200	https://lyonbot.github.io/video-to-gif/	
926e4b0f7f44	35	annotation	影快图_上传图片，去除打印黑影	影快图_上传图片，去除打印黑影	https://ying.kuaitu.cc/	https://ying.kuaitu.cc/	ying.kuaitu.cc	设计素材	设计	96	free	True	ok	200	https://ying.kuaitu.cc/	
6e453a0f1f00	35	annotation	免费的表格识别图片转Excel工具：图片转excel	免费的表格识别图片转Excel工具：图片转excel	https://toexcel.zhiyakeji.com/	https://toexcel.zhiyakeji.com/	toexcel.zhiyakeji.com	软件工具	设计	96	free	True	ok	200	https://toexcel.zhiyakeji.com/	
58f72045fec5	35	annotation	搜狗识图	搜狗识图	https://pic.sogou.com/pic/index.jsp?v=5	https://pic.sogou.com/pic/index.jsp?v=5	pic.sogou.com	搜索源		88	free	True	ok	200	https://pic.sogou.com/pic/index.jsp?v=5	
529986600fc6	36	annotation	ReadCover – 专业级隐蔽阅读工具，上班族模拟word文档摸鱼工具	ReadCover – 专业级隐蔽阅读工具，上班族模拟word文档摸鱼工具	https://www.readcover.cn/	https://www.readcover.cn/	readcover.cn	软件工具		96	free	True	ok	200	https://www.readcover.cn/	
3bd87dc5e539	36	annotation	PDF在线处理工具文档格式转换器：超级PDF	PDF在线处理工具文档格式转换器：超级PDF	https://xpdf.cn/	https://xpdf.cn/	xpdf.cn	软件工具		96	free	True	ok	200	https://xpdf.cn/	
33395891af75	36	annotation	全能的在线PDF工具：PDF.is	全能的在线PDF工具：PDF.is	https://pdf.is/	https://pdf.is/	pdf.is	软件工具		96	free	True	ok	200	https://pdf.is/	
5556ffe99942	37	annotation	奇客免费PDF转Word：极速精准的在线转换工具	奇客免费PDF转Word：极速精准的在线转换工具	https://www.geekersoft.cn/pdf-to-word.html	https://www.geekersoft.cn/pdf-to-word.html	geekersoft.cn	软件工具		96	free	True	ok	200	https://www.geekersoft.cn/pdf-to-word.html	
0fd6cc4de600	37	annotation	免费在线图表生成工具：Graph Maker	免费在线图表生成工具：Graph Maker	https://graph-maker.online/zh	https://graph-maker.online/zh	graph-maker.online	软件工具		96	free	True	ok	200	https://graph-maker.online/zh	
758018362ffe	37	annotation	GitMind思维导图工具，永久免费使用	GitMind思维导图工具，永久免费使用	https://gitmind.cn/	https://gitmind.cn/	gitmind.cn	软件工具		96	free	True	ok	200	https://gitmind.cn/	
5ab770d4cf44	37	annotation	文档图片无损提取工具_一键提取 Word、PPT、Excel 及 EPUB 电子书中的原始高清图片	文档图片无损提取工具_一键提取 Word、PPT、Excel 及 EPUB 电子书中的原始高清图片	https://word.appinn.com/	https://word.appinn.com/	word.appinn.com	软件工具	设计	96	free	True	ok	200	https://word.appinn.com/	
3b202afb8d00	37	annotation	B站封面提取工具	B站封面提取工具	https://bilicover.magecorn.com/	https://bilicover.magecorn.com/	bilicover.magecorn.com	软件工具		96	free	True	ok	200	https://bilicover.magecorn.com/	
c44365f19ec4	39	annotation	HEIC TO PDF：HEIC转PDF免费在线转换工具 安全快速将iPhone照片批量转为PDF	HEIC TO PDF：HEIC转PDF免费在线转换工具 安全快速将iPhone照片批量转为PDF	https://heictopdf.run/	https://heictopdf.run/	heictopdf.run	软件工具		96	free	True	ok	200	https://heictopdf.run/	
32bc32a958c7	39	annotation	CSVInk：免费的在线CSV查看、编辑与格式转换工具	CSVInk：免费的在线CSV查看、编辑与格式转换工具	https://csv.ink/	https://csv.ink/	csv.ink	软件工具		96	free	True	ok	200	https://csv.ink/	
2d8af2cd3546	39	annotation	MikuTools-轻量工具集，各种小工具	MikuTools-轻量工具集，各种小工具	https://tools.miku.ac/	https://tools.miku.ac/	tools.miku.ac	软件工具		96	free	True	ok	200	https://tools.miku.ac/	
cd8f460c6d14	39	annotation	千盒工具-各种免费的实用小工具	千盒工具-各种免费的实用小工具	https://1000tool.com/	https://1000tool.com/	1000tool.com	软件工具		96	free	True	ok	200	https://1000tool.com/	
b6daf7ddf16a	39	annotation	锦时 · 产品工具箱：20+实用工具	锦时 · 产品工具箱：20+实用工具	https://www.y3pm.com/	https://www.y3pm.com/	y3pm.com	软件工具		96	free	True	ok	200	https://www.y3pm.com/	
cc932a1c0fb0	39	annotation	极速箱：高颜值在线开发工具箱，助力高效编程	极速箱：高颜值在线开发工具箱，助力高效编程	https://www.jisuxiang.com/	https://www.jisuxiang.com/	jisuxiang.com	软件工具		96	free	True	ok	200	https://www.jisuxiang.com/	
047a8fd0b68b	40	annotation	奇迹秀工具箱 - 设计师的百宝箱	奇迹秀工具箱 - 设计师的百宝箱	https://www.qijishow.com/down/index.html	https://www.qijishow.com/down/index.html	qijishow.com	软件工具	设计	96	free	True	ok	200	https://www.qijishow.com/down/index.html	
c82dbd41a8f5	41	annotation	微信工中号文章封面提取工具	vx工中号文章封面提取工具	http://www.mgpaiban.com/tool/wxfm.html	http://www.mgpaiban.com/tool/wxfm.html	mgpaiban.com	软件工具		86	free	True	ok	200	http://www.mgpaiban.com/tool/wxfm.html	
e1b659e73744	41	annotation	Github开源免费！国家级平台免费中小学电子课本下载器，支持多系统	Github开源免费！国家级平台免费中小学电子课本下载器，支持多系统	https://github.com/happycola233/tchMaterial-parser	https://github.com/happycola233/tchMaterial-parser	github.com	软件工具	开源	96	free	True	ok	200	https://github.com/happycola233/tchMaterial-parser	
1ce82cd0d1cc	41	annotation	FileCodeBox - 文件快递柜_开源的文件分享工具，通过匿名口令分享文本或文件，像拿快递一样取	FileCodeBox - 文件快递柜_开源的文件分享工具，通过匿名口令分享文本或文件，像拿快递一样取	https://share.lanol.cn/	https://share.lanol.cn/	share.lanol.cn	软件工具	开源	96	free	True	ok	200	https://share.lanol.cn/	
82e609c9435b	42	annotation	大盘云图 股票市场的在线数据可视化工具。包含A股、美股、印度股票、全球股票	大盘云图 股票市场的在线数据可视化工具。包含A股、美股、印度股票、全球股票	https://52etf.site/	https://52etf.site/	52etf.site	软件工具		96	free	True	ok	200	https://52etf.site/	
4c80d65acf34	42	annotation	一键迁移网易云/QQ音乐歌单至 Apple/Youtube/Spotify Music	一键迁移网易云/QQ音乐歌单至 Apple/Youtube/Spotify Music	https://music.unmeta.cn/	https://music.unmeta.cn/	music.unmeta.cn	软件工具		96	free	True	ok	200	https://music.unmeta.cn/	
52769d7f1759	42	annotation	简明字帖 免费的在线字帖生成工具	简明字帖 免费的在线字帖生成工具	https://www.babawar.com/	https://www.babawar.com/	babawar.com	软件工具		96	free	True	ok	200	https://www.babawar.com/	
28cfe1407a8e	42	annotation	淡墨水字帖 免费在线字帖生成工具,	淡墨水字帖 免费在线字帖生成工具,	https://danmoshui.com/	https://danmoshui.com/	danmoshui.com	软件工具		96	free	True	ok	200	https://danmoshui.com/	
16fe41f428d0	42	annotation	Z2H字帖-超级好用的字帖生成工具	Z2H字帖-超级好用的字帖生成工具	https://paper.z2h.cn/	https://paper.z2h.cn/	paper.z2h.cn	软件工具		94	free	True	ok	200	https://z2h.cn/	redirect
8790ba810679	43	annotation	线稿生成器_可以将动漫图片转为线稿	线稿生成器_可以将动漫图片转为线稿	https://edgesketch.fluoro.fun/	https://edgesketch.fluoro.fun/	edgesketch.fluoro.fun	设计素材	设计	96	free	True	ok	200	https://edgesketch.fluoro.fun/	
ac5d7df95f1d	43	annotation	seal_generation：免费在线印章生成与提取工具 一键制作做旧防伪印章	seal_generation：免费在线印章生成与提取工具 一键制作做旧防伪印章	https://onepage.czl.net/tools/seal_generation/	https://onepage.czl.net/tools/seal_generation/	onepage.czl.net	软件工具		96	free	True	ok	200	https://onepage.czl.net/tools/seal_generation/	
617dd0c8cc39	43	annotation	在线条形码生成工具	在线条形码生成工具	https://www.1txm.com/barcode	https://www.1txm.com/barcode	1txm.com	软件工具		96	free	True	ok	200	https://www.1txm.com/barcode	
db9a834afb60	44	annotation	类案分析：AI帮你检索相关案例并提供分析	类案分析：AI帮你检索相关案例并提供分析	https://meta.law/	https://meta.law/	meta.law	搜索源	AI	96	free	True	ok	200	https://meta.law/	
548d2b0060f0	44	annotation	zip在线密码破解工具_仅供学习	zip在线密码破解工具_仅供学习	https://rivers.chaitin.cn/tools/zipcrack	https://rivers.chaitin.cn/tools/zipcrack	rivers.chaitin.cn	学习资料		96	free	True	ok	200	https://rivers.chaitin.cn/tools/zipcrack	
34b6292bfabd	44	annotation	LivePhoto – 在线将视频/GIF/图片转换为 Live Photo 与动态壁纸	LivePhoto – 在线将视频/GIF/图片转换为 Live Photo 与动态壁纸	https://livephoto.video/zh	https://livephoto.video/zh	livephoto.video	设计素材	设计	96	free	True	ok	200	https://livephoto.video/zh	
8a5189533765	44	annotation	GitHub搜索引擎_简洁好用	github搜索引擎_简洁好用	https://github.com/search?ysclid=mmiws2bl4b340372166	https://github.com/search	github.com	搜索源	搜索,开源	96	free	True	ok	200	https://github.com/search	
a68c7a1b071f	44	annotation	GitHub入门教程_玩转GitHub	GitHub入门教程_玩转GitHub	https://github.com/CatOneTwo/GitHub-Tutorial	https://github.com/CatOneTwo/GitHub-Tutorial	github.com	软件工具	开源,教程	96	free	True	ok	200	https://github.com/CatOneTwo/GitHub-Tutorial	
007626d024f8	44	annotation	GitHub最新hosts，解决GitHub图片无法显示，加速GitHub网页浏览	GitHub最新hosts，解决GitHub图片无法显示，加速GitHub网页浏览	https://ineo6.github.io/hosts/	https://ineo6.github.io/hosts/	ineo6.github.io	软件工具	开源,设计	96	free	True	ok	200	https://ineo6.github.io/hosts/	
b53fc12699e4	44	annotation	云萌-电脑激活工具	云萌-电脑激活工具	https://cmwtat.cloudmoe.com/cn.html#	https://cmwtat.cloudmoe.com/cn.html	cmwtat.cloudmoe.com	软件工具		96	free	True	ok	200	https://cmwtat.cloudmoe.com/cn.html	
d170bd8c7263	46	annotation	GSI镜像列表_GSI通用刷机包、DSULoader	GSI镜像列表_GSI通用刷机包、DSULoader	https://github.com/phhusson/treble_experimentations/wiki/Generic-System-Image-(GSI)-List	https://github.com/phhusson/treble_experimentations/wiki/Generic-System-Image-(GSI)-List	github.com	软件工具	开源	96	free	True	ok	200	https://github.com/phhusson/treble_experimentations/wiki/Generic-System-Image-(GSI)-List	
b91ab2f4617a	46	annotation	烟雨OTA工具箱 — 跨平台 Android 工具箱	烟雨OTA工具箱 — 跨平台 Android 工具箱	https://www.rainyweb.cn/	https://www.rainyweb.cn/	rainyweb.cn	软件工具		96	free	True	ok	200	https://www.rainyweb.cn/	
8e420178cc97	46	annotation	尝鲜派_Apple Developer固件	尝鲜派_Apple Developer固件	https://betahub.cn/	https://betahub.cn/	betahub.cn	软件工具		96	free	True	ok	200	https://betahub.cn/	
3611810683b3	46	annotation	晨钟网络科技 - 致力于开发小众实用软件	晨钟网络科技 - 致力于开发小众实用软件	https://jamcz.com/	https://jamcz.com/	jamcz.com	软件工具		96	free	True	ok	200	https://jamcz.com/	
c2113db283f0	46	annotation	epcsoft的后花园_一款使用C++编写的山寨机跑分、甄别工具	epcsoft的后花园_一款使用C++编写的山寨机跑分、甄别工具	https://epcdiy.org/	https://epcdiy.org/	epcdiy.org	软件工具		96	free	True	ok	200	https://epcdiy.org/	
90f77e8210b5	47	annotation	最新红包封面领取，更新频率快，大部分点开就能领	最新红包封面领取，更新频率快，大部分点开就能领	https://me.bizihu.com/	https://me.bizihu.com/	me.bizihu.com	设计素材		96	free	True	ok	200	https://me.bizihu.com/	
34f1e3fec6ba	47	annotation	韩网热门第一的Ai画图Prompt 网站	韩网热门第一的Ai画图Prompt 网站	https://www.localbanana.io/	https://www.localbanana.io/	localbanana.io	AI工具	AI	96	free	True	ok	200	https://www.localbanana.io/	
6f758dbc682b	47	annotation	国漫图库_国漫女神Ai绘画为主的手机壁纸图库	国漫图库_国漫女神Ai绘画为主的手机壁纸图库	https://guomantuku.com/	https://guomantuku.com/	guomantuku.com	AI工具	AI	96	free	True	ok	200	https://guomantuku.com/	
